tweet,polarity,sentiment
"I love this product, it works great!",0.75,Positive
"Worst experience ever, I hate it.",-0.9,Negative
"It's okay, not the best but not the worst.",0.16666666666666666,Positive
"Amazing support from the team, really helpful!",0.42500000000000004,Positive
"Terrible quality, very disappointed.",-0.9875,Negative
"Pretty decent overall, I am satisfied.",0.22916666666666666,Positive
"I will never buy this again, awful!",-1.0,Negative
"Great value for money, highly recommend!",0.5,Positive
"Neutral feelings, nothing special.",0.35714285714285715,Positive
"Absolutely fantastic experience, I am happy!",0.7,Positive
